d,b1,nu,alpha_pred,alpha_CODATA,deviation_pct
3,2,1.0,0.00724,0.0072973526,-0.73
4,4,1.5,0.00730,0.0072973526,0.004
5,4,2.0,0.0072976204,0.0072973526,0.0037
6,8,3.0,0.00741,0.0072973526,1.52
7,8,3.0,0.00741,0.0072973526,1.52
8,16,4.0,0.00765,0.0072973526,4.77
