{
  "P1_c3": 0.051,
  "P1_alpha_3loop": 0.007297352560977868,
  "P1_dev_ppb": 0.45955791754499375,
  "P2_ae_leading": 0.0011614097320976644,
  "P3_Rydberg_alpha_sq": 5.3251354448154416e-05,
  "P5_mn_mp": 1.0013789073289678
}