{"c2": 1.35786795, "c2_formula": "(5/2)ln2-3/8", "alpha_2loop": 0.00729735, "residual_ppm": 0.009, "tier": 2}
