{"alpha_V3": 0.0072976204, "alpha_CODATA": 0.0072973526, "residual_ppm": 36.7, "method": "Lambert_W"}
