{
  "W=4": {
    "m_ratio": 1224.10179,
    "dev_pct": 33.33
  },
  "W=5": {
    "m_ratio": 1530.12723,
    "dev_pct": 16.67
  },
  "W=6": {
    "m_ratio": 1836.15268,
    "dev_pct": 0.0
  },
  "W=7": {
    "m_ratio": 2142.17812,
    "dev_pct": 16.67
  },
  "W=8": {
    "m_ratio": 2448.20357,
    "dev_pct": 33.33
  },
  "dn=1": {
    "m_ratio": 104.96,
    "dev_pct": 94.3
  },
  "dn=2": {
    "m_ratio": 1836.15,
    "dev_pct": 0.0
  },
  "dn=3": {
    "m_ratio": 32120.59,
    "dev_pct": 1649.3
  }
}