{
  "c2_value": 1.3578679513998633,
  "c2_formula": "5/2*ln(2) - 3/8",
  "c2_decimal": 1.357867951399863,
  "alpha_2loop": 0.007297352564331,
  "deviation_ppm": 0.009
}