{
  "Elizalde_zeta": 1.3578679513998633,
  "Hurwitz": 1.3578679513998633,
  "heat_kernel": 1.3578679513998633,
  "dim_reg": 1.3578679513998633
}