{
  "p2": 102.25198415985778,
  "p4": 224.0548119830723,
  "p6": 518.4614736251544,
  "P_free": 2.432994626452777,
  "P_half": 16.81443010323618,
  "c3_predicted": 0.04940711391395292,
  "c3_CODATA": 0.048690955374786,
  "c3_ratio": 1.0147082457851664,
  "c3_residual_ppm": 14708.245785166386
}