{
  "a_minimum": 0.5,
  "V_minimum": -0.9720074481446136,
  "Hessian_eigenvalue": 32.27,
  "globally_stable": true,
  "a_scan": [
    0.0,
    0.10050251256281408,
    0.20100502512562815,
    0.30150753768844224,
    0.4020100502512563,
    0.5025125628140703,
    0.6030150753768845,
    0.7035175879396985,
    0.8040201005025126,
    0.9045226130653267
  ],
  "V_scan": [
    1.0369274253541483,
    0.8141165966069422,
    0.2748309714941965,
    -0.33952850732849066,
    -0.8053756971247134,
    -0.9720074481446136,
    -0.7883130681101195,
    -0.3107117763399797,
    0.3056372659020125,
    0.8346336316943443
  ]
}