{"LO": 1836.11810871, "LO_ppm": -18.82, "NLO": 1836.15267767, "NLO_ppb": 2.31, "exp": 1836.15267343}
