{
  "SU(2)": {
    "d": 3,
    "W": 2,
    "W_pi_d": 62.01255336059963
  },
  "SU(3)": {
    "d": 5,
    "W": 6,
    "W_pi_d": 1836.1181087116884
  },
  "SU(4)": {
    "d": 7,
    "W": 24,
    "W_pi_d": 72487.037466643
  },
  "SU(5)": {
    "d": 9,
    "W": 120,
    "W_pi_d": 3577091.920013544
  }
}