{
  "R_values": [
    0.01,
    0.1,
    0.3,
    0.5,
    0.7,
    1.0,
    2.0,
    5.0,
    100.0
  ],
  "K_bar_values": [
    17.49341832762487,
    17.493418327624855,
    17.49341832762486,
    17.493418327624862,
    17.49341832762487,
    17.493418327624862,
    17.493418327624862,
    17.49341832762486,
    17.493418327624862
  ],
  "K_bar_target": 17.493418327624862,
  "max_deviation": 7.105427357601002e-15,
  "R_independent": true
}