{
  "c2": 1.3578679513998633,
  "1_over_sqrt8": 0.35355339059327373,
  "m_ratio_2loop": 1836.1526776688872,
  "residual_ppb": 2.3
}