{
  "Lambert_W0_argument": -0.014383766711652736,
  "W0_value": -0.01459524075299552,
  "alpha_1loop": 0.00729762037649776,
  "1_over_alpha": 137.03097015302887,
  "dev_ppm": 37
}