{
  "d=1": {
    "ratio": 0.5641895835,
    "K_bar_product": 1.0
  },
  "d=2": {
    "ratio": 0.3183098862,
    "K_bar_product": 1.0
  },
  "d=3": {
    "ratio": 0.1795871221,
    "K_bar_product": 1.0
  },
  "d=4": {
    "ratio": 0.1013211836,
    "K_bar_product": 1.0
  },
  "d=5": {
    "ratio": 0.0571643564,
    "K_bar_product": 1.0
  }
}