{
  "d=1": {
    "ratio": 0.5641895835477563,
    "K_bar_product": 0.9999999999999999
  },
  "d=2": {
    "ratio": 0.3183098861837907,
    "K_bar_product": 1.0
  },
  "d=3": {
    "ratio": 0.1795871221251666,
    "K_bar_product": 1.0000000000000002
  },
  "d=4": {
    "ratio": 0.10132118364233779,
    "K_bar_product": 1.0000000000000002
  },
  "d=5": {
    "ratio": 0.057164356403736294,
    "K_bar_product": 1.0000000000000002
  }
}