{
  "tr_1_d5": 4,
  "tr_gamma_mu_gamma_nu": "delta_mu_nu * 4",
  "A2_d5": 1.40625,
  "A2_over_pi2": 0.1424829144970375,
  "matches_Nc2_d_over_2d": true
}